registro_id,idade,sexo,tipo_dor_toracica,pa_sistolica_repouso,colesterol_total,glicemia_jejum_maior_120,ecg_repouso,freq_cardiaca_maxima,angina_exercicio,depressao_st,inclinacao_st,n_vasos_fluoroscopia,cintilografia_talio,grau_doenca,doenca_cardiaca,fonte,data_type,research_only
UCI-CLE-0001,63,M,ANGINA_TIPICA,145,233,True,HIPERTROFIA_VE,150,False,2.3,DESCENDENTE,0,DEFEITO_FIXO,0,False,UCI Heart Disease — Cleveland,REAL_PUBLIC_ANONYMIZED,True
UCI-CLE-0002,67,M,ASSINTOMATICO,160,286,False,HIPERTROFIA_VE,108,True,1.5,PLANA,3,NORMAL,2,True,UCI Heart Disease — Cleveland,REAL_PUBLIC_ANONYMIZED,True
UCI-CLE-0003,67,M,ASSINTOMATICO,120,229,False,HIPERTROFIA_VE,129,True,2.6,PLANA,2,DEFEITO_REVERSIVEL,1,True,UCI Heart Disease — Cleveland,REAL_PUBLIC_ANONYMIZED,True
UCI-CLE-0004,37,M,DOR_NAO_ANGINOSA,130,250,False,NORMAL,187,False,3.5,DESCENDENTE,0,NORMAL,0,False,UCI Heart Disease — Cleveland,REAL_PUBLIC_ANONYMIZED,True
UCI-CLE-0005,41,F,ANGINA_ATIPICA,130,204,False,HIPERTROFIA_VE,172,False,1.4,ASCENDENTE,0,NORMAL,0,False,UCI Heart Disease — Cleveland,REAL_PUBLIC_ANONYMIZED,True
UCI-CLE-0006,56,M,ANGINA_ATIPICA,120,236,False,NORMAL,178,False,0.8,ASCENDENTE,0,NORMAL,0,False,UCI Heart Disease — Cleveland,REAL_PUBLIC_ANONYMIZED,True
UCI-CLE-0007,62,F,ASSINTOMATICO,140,268,False,HIPERTROFIA_VE,160,False,3.6,DESCENDENTE,2,NORMAL,3,True,UCI Heart Disease — Cleveland,REAL_PUBLIC_ANONYMIZED,True
UCI-CLE-0008,57,F,ASSINTOMATICO,120,354,False,NORMAL,163,True,0.6,ASCENDENTE,0,NORMAL,0,False,UCI Heart Disease — Cleveland,REAL_PUBLIC_ANONYMIZED,True
UCI-CLE-0009,63,M,ASSINTOMATICO,130,254,False,HIPERTROFIA_VE,147,False,1.4,PLANA,1,DEFEITO_REVERSIVEL,2,True,UCI Heart Disease — Cleveland,REAL_PUBLIC_ANONYMIZED,True
UCI-CLE-0010,53,M,ASSINTOMATICO,140,203,True,HIPERTROFIA_VE,155,True,3.1,DESCENDENTE,0,DEFEITO_REVERSIVEL,1,True,UCI Heart Disease — Cleveland,REAL_PUBLIC_ANONYMIZED,True
UCI-CLE-0011,57,M,ASSINTOMATICO,140,192,False,NORMAL,148,False,0.4,PLANA,0,DEFEITO_FIXO,0,False,UCI Heart Disease — Cleveland,REAL_PUBLIC_ANONYMIZED,True
UCI-CLE-0012,56,F,ANGINA_ATIPICA,140,294,False,HIPERTROFIA_VE,153,False,1.3,PLANA,0,NORMAL,0,False,UCI Heart Disease — Cleveland,REAL_PUBLIC_ANONYMIZED,True
UCI-CLE-0013,56,M,DOR_NAO_ANGINOSA,130,256,True,HIPERTROFIA_VE,142,True,0.6,PLANA,1,DEFEITO_FIXO,2,True,UCI Heart Disease — Cleveland,REAL_PUBLIC_ANONYMIZED,True
UCI-CLE-0014,44,M,ANGINA_ATIPICA,120,263,False,NORMAL,173,False,0.0,ASCENDENTE,0,DEFEITO_REVERSIVEL,0,False,UCI Heart Disease — Cleveland,REAL_PUBLIC_ANONYMIZED,True
UCI-CLE-0015,52,M,DOR_NAO_ANGINOSA,172,199,True,NORMAL,162,False,0.5,ASCENDENTE,0,DEFEITO_REVERSIVEL,0,False,UCI Heart Disease — Cleveland,REAL_PUBLIC_ANONYMIZED,True
UCI-CLE-0016,57,M,DOR_NAO_ANGINOSA,150,168,False,NORMAL,174,False,1.6,ASCENDENTE,0,NORMAL,0,False,UCI Heart Disease — Cleveland,REAL_PUBLIC_ANONYMIZED,True
UCI-CLE-0017,48,M,ANGINA_ATIPICA,110,229,False,NORMAL,168,False,1.0,DESCENDENTE,0,DEFEITO_REVERSIVEL,1,True,UCI Heart Disease — Cleveland,REAL_PUBLIC_ANONYMIZED,True
UCI-CLE-0018,54,M,ASSINTOMATICO,140,239,False,NORMAL,160,False,1.2,ASCENDENTE,0,NORMAL,0,False,UCI Heart Disease — Cleveland,REAL_PUBLIC_ANONYMIZED,True
UCI-CLE-0019,48,F,DOR_NAO_ANGINOSA,130,275,False,NORMAL,139,False,0.2,ASCENDENTE,0,NORMAL,0,False,UCI Heart Disease — Cleveland,REAL_PUBLIC_ANONYMIZED,True
UCI-CLE-0020,49,M,ANGINA_ATIPICA,130,266,False,NORMAL,171,False,0.6,ASCENDENTE,0,NORMAL,0,False,UCI Heart Disease — Cleveland,REAL_PUBLIC_ANONYMIZED,True
UCI-CLE-0021,64,M,ANGINA_TIPICA,110,211,False,HIPERTROFIA_VE,144,True,1.8,PLANA,0,NORMAL,0,False,UCI Heart Disease — Cleveland,REAL_PUBLIC_ANONYMIZED,True
UCI-CLE-0022,58,F,ANGINA_TIPICA,150,283,True,HIPERTROFIA_VE,162,False,1.0,ASCENDENTE,0,NORMAL,0,False,UCI Heart Disease — Cleveland,REAL_PUBLIC_ANONYMIZED,True
UCI-CLE-0023,58,M,ANGINA_ATIPICA,120,284,False,HIPERTROFIA_VE,160,False,1.8,PLANA,0,NORMAL,1,True,UCI Heart Disease — Cleveland,REAL_PUBLIC_ANONYMIZED,True
UCI-CLE-0024,58,M,DOR_NAO_ANGINOSA,132,224,False,HIPERTROFIA_VE,173,False,3.2,ASCENDENTE,2,DEFEITO_REVERSIVEL,3,True,UCI Heart Disease — Cleveland,REAL_PUBLIC_ANONYMIZED,True
UCI-CLE-0025,60,M,ASSINTOMATICO,130,206,False,HIPERTROFIA_VE,132,True,2.4,PLANA,2,DEFEITO_REVERSIVEL,4,True,UCI Heart Disease — Cleveland,REAL_PUBLIC_ANONYMIZED,True
UCI-CLE-0026,50,F,DOR_NAO_ANGINOSA,120,219,False,NORMAL,158,False,1.6,PLANA,0,NORMAL,0,False,UCI Heart Disease — Cleveland,REAL_PUBLIC_ANONYMIZED,True
UCI-CLE-0027,58,F,DOR_NAO_ANGINOSA,120,340,False,NORMAL,172,False,0.0,ASCENDENTE,0,NORMAL,0,False,UCI Heart Disease — Cleveland,REAL_PUBLIC_ANONYMIZED,True
UCI-CLE-0028,66,F,ANGINA_TIPICA,150,226,False,NORMAL,114,False,2.6,DESCENDENTE,0,NORMAL,0,False,UCI Heart Disease — Cleveland,REAL_PUBLIC_ANONYMIZED,True
UCI-CLE-0029,43,M,ASSINTOMATICO,150,247,False,NORMAL,171,False,1.5,ASCENDENTE,0,NORMAL,0,False,UCI Heart Disease — Cleveland,REAL_PUBLIC_ANONYMIZED,True
UCI-CLE-0030,40,M,ASSINTOMATICO,110,167,False,HIPERTROFIA_VE,114,True,2.0,PLANA,0,DEFEITO_REVERSIVEL,3,True,UCI Heart Disease — Cleveland,REAL_PUBLIC_ANONYMIZED,True
UCI-CLE-0031,69,F,ANGINA_TIPICA,140,239,False,NORMAL,151,False,1.8,ASCENDENTE,2,NORMAL,0,False,UCI Heart Disease — Cleveland,REAL_PUBLIC_ANONYMIZED,True
UCI-CLE-0032,60,M,ASSINTOMATICO,117,230,True,NORMAL,160,True,1.4,ASCENDENTE,2,DEFEITO_REVERSIVEL,2,True,UCI Heart Disease — Cleveland,REAL_PUBLIC_ANONYMIZED,True
UCI-CLE-0033,64,M,DOR_NAO_ANGINOSA,140,335,False,NORMAL,158,False,0.0,ASCENDENTE,0,NORMAL,1,True,UCI Heart Disease — Cleveland,REAL_PUBLIC_ANONYMIZED,True
UCI-CLE-0034,59,M,ASSINTOMATICO,135,234,False,NORMAL,161,False,0.5,PLANA,0,DEFEITO_REVERSIVEL,0,False,UCI Heart Disease — Cleveland,REAL_PUBLIC_ANONYMIZED,True
UCI-CLE-0035,44,M,DOR_NAO_ANGINOSA,130,233,False,NORMAL,179,True,0.4,ASCENDENTE,0,NORMAL,0,False,UCI Heart Disease — Cleveland,REAL_PUBLIC_ANONYMIZED,True
UCI-CLE-0036,42,M,ASSINTOMATICO,140,226,False,NORMAL,178,False,0.0,ASCENDENTE,0,NORMAL,0,False,UCI Heart Disease — Cleveland,REAL_PUBLIC_ANONYMIZED,True
UCI-CLE-0037,43,M,ASSINTOMATICO,120,177,False,HIPERTROFIA_VE,120,True,2.5,PLANA,0,DEFEITO_REVERSIVEL,3,True,UCI Heart Disease — Cleveland,REAL_PUBLIC_ANONYMIZED,True
UCI-CLE-0038,57,M,ASSINTOMATICO,150,276,False,HIPERTROFIA_VE,112,True,0.6,PLANA,1,DEFEITO_FIXO,1,True,UCI Heart Disease — Cleveland,REAL_PUBLIC_ANONYMIZED,True
UCI-CLE-0039,55,M,ASSINTOMATICO,132,353,False,NORMAL,132,True,1.2,PLANA,1,DEFEITO_REVERSIVEL,3,True,UCI Heart Disease — Cleveland,REAL_PUBLIC_ANONYMIZED,True
UCI-CLE-0040,61,M,DOR_NAO_ANGINOSA,150,243,True,NORMAL,137,True,1.0,PLANA,0,NORMAL,0,False,UCI Heart Disease — Cleveland,REAL_PUBLIC_ANONYMIZED,True
UCI-CLE-0041,65,F,ASSINTOMATICO,150,225,False,HIPERTROFIA_VE,114,False,1.0,PLANA,3,DEFEITO_REVERSIVEL,4,True,UCI Heart Disease — Cleveland,REAL_PUBLIC_ANONYMIZED,True
UCI-CLE-0042,40,M,ANGINA_TIPICA,140,199,False,NORMAL,178,True,1.4,ASCENDENTE,0,DEFEITO_REVERSIVEL,0,False,UCI Heart Disease — Cleveland,REAL_PUBLIC_ANONYMIZED,True
UCI-CLE-0043,71,F,ANGINA_ATIPICA,160,302,False,NORMAL,162,False,0.4,ASCENDENTE,2,NORMAL,0,False,UCI Heart Disease — Cleveland,REAL_PUBLIC_ANONYMIZED,True
UCI-CLE-0044,59,M,DOR_NAO_ANGINOSA,150,212,True,NORMAL,157,False,1.6,ASCENDENTE,0,NORMAL,0,False,UCI Heart Disease — Cleveland,REAL_PUBLIC_ANONYMIZED,True
UCI-CLE-0045,61,F,ASSINTOMATICO,130,330,False,HIPERTROFIA_VE,169,False,0.0,ASCENDENTE,0,NORMAL,1,True,UCI Heart Disease — Cleveland,REAL_PUBLIC_ANONYMIZED,True
UCI-CLE-0046,58,M,DOR_NAO_ANGINOSA,112,230,False,HIPERTROFIA_VE,165,False,2.5,PLANA,1,DEFEITO_REVERSIVEL,4,True,UCI Heart Disease — Cleveland,REAL_PUBLIC_ANONYMIZED,True
UCI-CLE-0047,51,M,DOR_NAO_ANGINOSA,110,175,False,NORMAL,123,False,0.6,ASCENDENTE,0,NORMAL,0,False,UCI Heart Disease — Cleveland,REAL_PUBLIC_ANONYMIZED,True
UCI-CLE-0048,50,M,ASSINTOMATICO,150,243,False,HIPERTROFIA_VE,128,False,2.6,PLANA,0,DEFEITO_REVERSIVEL,4,True,UCI Heart Disease — Cleveland,REAL_PUBLIC_ANONYMIZED,True
UCI-CLE-0049,65,F,DOR_NAO_ANGINOSA,140,417,True,HIPERTROFIA_VE,157,False,0.8,ASCENDENTE,1,NORMAL,0,False,UCI Heart Disease — Cleveland,REAL_PUBLIC_ANONYMIZED,True
UCI-CLE-0050,53,M,DOR_NAO_ANGINOSA,130,197,True,HIPERTROFIA_VE,152,False,1.2,DESCENDENTE,0,NORMAL,0,False,UCI Heart Disease — Cleveland,REAL_PUBLIC_ANONYMIZED,True
UCI-CLE-0051,41,F,ANGINA_ATIPICA,105,198,False,NORMAL,168,False,0.0,ASCENDENTE,1,NORMAL,0,False,UCI Heart Disease — Cleveland,REAL_PUBLIC_ANONYMIZED,True
UCI-CLE-0052,65,M,ASSINTOMATICO,120,177,False,NORMAL,140,False,0.4,ASCENDENTE,0,DEFEITO_REVERSIVEL,0,False,UCI Heart Disease — Cleveland,REAL_PUBLIC_ANONYMIZED,True
UCI-CLE-0053,44,M,ASSINTOMATICO,112,290,False,HIPERTROFIA_VE,153,False,0.0,ASCENDENTE,1,NORMAL,2,True,UCI Heart Disease — Cleveland,REAL_PUBLIC_ANONYMIZED,True
UCI-CLE-0054,44,M,ANGINA_ATIPICA,130,219,False,HIPERTROFIA_VE,188,False,0.0,ASCENDENTE,0,NORMAL,0,False,UCI Heart Disease — Cleveland,REAL_PUBLIC_ANONYMIZED,True
UCI-CLE-0055,60,M,ASSINTOMATICO,130,253,False,NORMAL,144,True,1.4,ASCENDENTE,1,DEFEITO_REVERSIVEL,1,True,UCI Heart Disease — Cleveland,REAL_PUBLIC_ANONYMIZED,True
UCI-CLE-0056,54,M,ASSINTOMATICO,124,266,False,HIPERTROFIA_VE,109,True,2.2,PLANA,1,DEFEITO_REVERSIVEL,1,True,UCI Heart Disease — Cleveland,REAL_PUBLIC_ANONYMIZED,True
UCI-CLE-0057,50,M,DOR_NAO_ANGINOSA,140,233,False,NORMAL,163,False,0.6,PLANA,1,DEFEITO_REVERSIVEL,1,True,UCI Heart Disease — Cleveland,REAL_PUBLIC_ANONYMIZED,True
UCI-CLE-0058,41,M,ASSINTOMATICO,110,172,False,HIPERTROFIA_VE,158,False,0.0,ASCENDENTE,0,DEFEITO_REVERSIVEL,1,True,UCI Heart Disease — Cleveland,REAL_PUBLIC_ANONYMIZED,True
UCI-CLE-0059,54,M,DOR_NAO_ANGINOSA,125,273,False,HIPERTROFIA_VE,152,False,0.5,DESCENDENTE,1,NORMAL,0,False,UCI Heart Disease — Cleveland,REAL_PUBLIC_ANONYMIZED,True
UCI-CLE-0060,51,M,ANGINA_TIPICA,125,213,False,HIPERTROFIA_VE,125,True,1.4,ASCENDENTE,1,NORMAL,0,False,UCI Heart Disease — Cleveland,REAL_PUBLIC_ANONYMIZED,True
UCI-CLE-0061,51,F,ASSINTOMATICO,130,305,False,NORMAL,142,True,1.2,PLANA,0,DEFEITO_REVERSIVEL,2,True,UCI Heart Disease — Cleveland,REAL_PUBLIC_ANONYMIZED,True
UCI-CLE-0062,46,F,DOR_NAO_ANGINOSA,142,177,False,HIPERTROFIA_VE,160,True,1.4,DESCENDENTE,0,NORMAL,0,False,UCI Heart Disease — Cleveland,REAL_PUBLIC_ANONYMIZED,True
UCI-CLE-0063,58,M,ASSINTOMATICO,128,216,False,HIPERTROFIA_VE,131,True,2.2,PLANA,3,DEFEITO_REVERSIVEL,1,True,UCI Heart Disease — Cleveland,REAL_PUBLIC_ANONYMIZED,True
UCI-CLE-0064,54,F,DOR_NAO_ANGINOSA,135,304,True,NORMAL,170,False,0.0,ASCENDENTE,0,NORMAL,0,False,UCI Heart Disease — Cleveland,REAL_PUBLIC_ANONYMIZED,True
UCI-CLE-0065,54,M,ASSINTOMATICO,120,188,False,NORMAL,113,False,1.4,PLANA,1,DEFEITO_REVERSIVEL,2,True,UCI Heart Disease — Cleveland,REAL_PUBLIC_ANONYMIZED,True
UCI-CLE-0066,60,M,ASSINTOMATICO,145,282,False,HIPERTROFIA_VE,142,True,2.8,PLANA,2,DEFEITO_REVERSIVEL,2,True,UCI Heart Disease — Cleveland,REAL_PUBLIC_ANONYMIZED,True
UCI-CLE-0067,60,M,DOR_NAO_ANGINOSA,140,185,False,HIPERTROFIA_VE,155,False,3.0,PLANA,0,NORMAL,1,True,UCI Heart Disease — Cleveland,REAL_PUBLIC_ANONYMIZED,True
UCI-CLE-0068,54,M,DOR_NAO_ANGINOSA,150,232,False,HIPERTROFIA_VE,165,False,1.6,ASCENDENTE,0,DEFEITO_REVERSIVEL,0,False,UCI Heart Disease — Cleveland,REAL_PUBLIC_ANONYMIZED,True
UCI-CLE-0069,59,M,ASSINTOMATICO,170,326,False,HIPERTROFIA_VE,140,True,3.4,DESCENDENTE,0,DEFEITO_REVERSIVEL,2,True,UCI Heart Disease — Cleveland,REAL_PUBLIC_ANONYMIZED,True
UCI-CLE-0070,46,M,DOR_NAO_ANGINOSA,150,231,False,NORMAL,147,False,3.6,PLANA,0,NORMAL,1,True,UCI Heart Disease — Cleveland,REAL_PUBLIC_ANONYMIZED,True
UCI-CLE-0071,65,F,DOR_NAO_ANGINOSA,155,269,False,NORMAL,148,False,0.8,ASCENDENTE,0,NORMAL,0,False,UCI Heart Disease — Cleveland,REAL_PUBLIC_ANONYMIZED,True
UCI-CLE-0072,67,M,ASSINTOMATICO,125,254,True,NORMAL,163,False,0.2,PLANA,2,DEFEITO_REVERSIVEL,3,True,UCI Heart Disease — Cleveland,REAL_PUBLIC_ANONYMIZED,True
UCI-CLE-0073,62,M,ASSINTOMATICO,120,267,False,NORMAL,99,True,1.8,PLANA,2,DEFEITO_REVERSIVEL,1,True,UCI Heart Disease — Cleveland,REAL_PUBLIC_ANONYMIZED,True
UCI-CLE-0074,65,M,ASSINTOMATICO,110,248,False,HIPERTROFIA_VE,158,False,0.6,ASCENDENTE,2,DEFEITO_FIXO,1,True,UCI Heart Disease — Cleveland,REAL_PUBLIC_ANONYMIZED,True
UCI-CLE-0075,44,M,ASSINTOMATICO,110,197,False,HIPERTROFIA_VE,177,False,0.0,ASCENDENTE,1,NORMAL,1,True,UCI Heart Disease — Cleveland,REAL_PUBLIC_ANONYMIZED,True
UCI-CLE-0076,65,F,DOR_NAO_ANGINOSA,160,360,False,HIPERTROFIA_VE,151,False,0.8,ASCENDENTE,0,NORMAL,0,False,UCI Heart Disease — Cleveland,REAL_PUBLIC_ANONYMIZED,True
UCI-CLE-0077,60,M,ASSINTOMATICO,125,258,False,HIPERTROFIA_VE,141,True,2.8,PLANA,1,DEFEITO_REVERSIVEL,1,True,UCI Heart Disease — Cleveland,REAL_PUBLIC_ANONYMIZED,True
UCI-CLE-0078,51,F,DOR_NAO_ANGINOSA,140,308,False,HIPERTROFIA_VE,142,False,1.5,ASCENDENTE,1,NORMAL,0,False,UCI Heart Disease — Cleveland,REAL_PUBLIC_ANONYMIZED,True
UCI-CLE-0079,48,M,ANGINA_ATIPICA,130,245,False,HIPERTROFIA_VE,180,False,0.2,PLANA,0,NORMAL,0,False,UCI Heart Disease — Cleveland,REAL_PUBLIC_ANONYMIZED,True
UCI-CLE-0080,58,M,ASSINTOMATICO,150,270,False,HIPERTROFIA_VE,111,True,0.8,ASCENDENTE,0,DEFEITO_REVERSIVEL,3,True,UCI Heart Disease — Cleveland,REAL_PUBLIC_ANONYMIZED,True
UCI-CLE-0081,45,M,ASSINTOMATICO,104,208,False,HIPERTROFIA_VE,148,True,3.0,PLANA,0,NORMAL,0,False,UCI Heart Disease — Cleveland,REAL_PUBLIC_ANONYMIZED,True
UCI-CLE-0082,53,F,ASSINTOMATICO,130,264,False,HIPERTROFIA_VE,143,False,0.4,PLANA,0,NORMAL,0,False,UCI Heart Disease — Cleveland,REAL_PUBLIC_ANONYMIZED,True
UCI-CLE-0083,39,M,DOR_NAO_ANGINOSA,140,321,False,HIPERTROFIA_VE,182,False,0.0,ASCENDENTE,0,NORMAL,0,False,UCI Heart Disease — Cleveland,REAL_PUBLIC_ANONYMIZED,True
UCI-CLE-0084,68,M,DOR_NAO_ANGINOSA,180,274,True,HIPERTROFIA_VE,150,True,1.6,PLANA,0,DEFEITO_REVERSIVEL,3,True,UCI Heart Disease — Cleveland,REAL_PUBLIC_ANONYMIZED,True
UCI-CLE-0085,52,M,ANGINA_ATIPICA,120,325,False,NORMAL,172,False,0.2,ASCENDENTE,0,NORMAL,0,False,UCI Heart Disease — Cleveland,REAL_PUBLIC_ANONYMIZED,True
UCI-CLE-0086,44,M,DOR_NAO_ANGINOSA,140,235,False,HIPERTROFIA_VE,180,False,0.0,ASCENDENTE,0,NORMAL,0,False,UCI Heart Disease — Cleveland,REAL_PUBLIC_ANONYMIZED,True
UCI-CLE-0087,47,M,DOR_NAO_ANGINOSA,138,257,False,HIPERTROFIA_VE,156,False,0.0,ASCENDENTE,0,NORMAL,0,False,UCI Heart Disease — Cleveland,REAL_PUBLIC_ANONYMIZED,True
UCI-CLE-0088,53,F,DOR_NAO_ANGINOSA,128,216,False,HIPERTROFIA_VE,115,False,0.0,ASCENDENTE,0,,0,False,UCI Heart Disease — Cleveland,REAL_PUBLIC_ANONYMIZED,True
UCI-CLE-0089,53,F,ASSINTOMATICO,138,234,False,HIPERTROFIA_VE,160,False,0.0,ASCENDENTE,0,NORMAL,0,False,UCI Heart Disease — Cleveland,REAL_PUBLIC_ANONYMIZED,True
UCI-CLE-0090,51,F,DOR_NAO_ANGINOSA,130,256,False,HIPERTROFIA_VE,149,False,0.5,ASCENDENTE,0,NORMAL,0,False,UCI Heart Disease — Cleveland,REAL_PUBLIC_ANONYMIZED,True
UCI-CLE-0091,66,M,ASSINTOMATICO,120,302,False,HIPERTROFIA_VE,151,False,0.4,PLANA,0,NORMAL,0,False,UCI Heart Disease — Cleveland,REAL_PUBLIC_ANONYMIZED,True
UCI-CLE-0092,62,F,ASSINTOMATICO,160,164,False,HIPERTROFIA_VE,145,False,6.2,DESCENDENTE,3,DEFEITO_REVERSIVEL,3,True,UCI Heart Disease — Cleveland,REAL_PUBLIC_ANONYMIZED,True
UCI-CLE-0093,62,M,DOR_NAO_ANGINOSA,130,231,False,NORMAL,146,False,1.8,PLANA,3,DEFEITO_REVERSIVEL,0,False,UCI Heart Disease — Cleveland,REAL_PUBLIC_ANONYMIZED,True
UCI-CLE-0094,44,F,DOR_NAO_ANGINOSA,108,141,False,NORMAL,175,False,0.6,PLANA,0,NORMAL,0,False,UCI Heart Disease — Cleveland,REAL_PUBLIC_ANONYMIZED,True
UCI-CLE-0095,63,F,DOR_NAO_ANGINOSA,135,252,False,HIPERTROFIA_VE,172,False,0.0,ASCENDENTE,0,NORMAL,0,False,UCI Heart Disease — Cleveland,REAL_PUBLIC_ANONYMIZED,True
UCI-CLE-0096,52,M,ASSINTOMATICO,128,255,False,NORMAL,161,True,0.0,ASCENDENTE,1,DEFEITO_REVERSIVEL,1,True,UCI Heart Disease — Cleveland,REAL_PUBLIC_ANONYMIZED,True
UCI-CLE-0097,59,M,ASSINTOMATICO,110,239,False,HIPERTROFIA_VE,142,True,1.2,PLANA,1,DEFEITO_REVERSIVEL,2,True,UCI Heart Disease — Cleveland,REAL_PUBLIC_ANONYMIZED,True
UCI-CLE-0098,60,F,ASSINTOMATICO,150,258,False,HIPERTROFIA_VE,157,False,2.6,PLANA,2,DEFEITO_REVERSIVEL,3,True,UCI Heart Disease — Cleveland,REAL_PUBLIC_ANONYMIZED,True
UCI-CLE-0099,52,M,ANGINA_ATIPICA,134,201,False,NORMAL,158,False,0.8,ASCENDENTE,1,NORMAL,0,False,UCI Heart Disease — Cleveland,REAL_PUBLIC_ANONYMIZED,True
UCI-CLE-0100,48,M,ASSINTOMATICO,122,222,False,HIPERTROFIA_VE,186,False,0.0,ASCENDENTE,0,NORMAL,0,False,UCI Heart Disease — Cleveland,REAL_PUBLIC_ANONYMIZED,True
UCI-CLE-0101,45,M,ASSINTOMATICO,115,260,False,HIPERTROFIA_VE,185,False,0.0,ASCENDENTE,0,NORMAL,0,False,UCI Heart Disease — Cleveland,REAL_PUBLIC_ANONYMIZED,True
UCI-CLE-0102,34,M,ANGINA_TIPICA,118,182,False,HIPERTROFIA_VE,174,False,0.0,ASCENDENTE,0,NORMAL,0,False,UCI Heart Disease — Cleveland,REAL_PUBLIC_ANONYMIZED,True
UCI-CLE-0103,57,F,ASSINTOMATICO,128,303,False,HIPERTROFIA_VE,159,False,0.0,ASCENDENTE,1,NORMAL,0,False,UCI Heart Disease — Cleveland,REAL_PUBLIC_ANONYMIZED,True
UCI-CLE-0104,71,F,DOR_NAO_ANGINOSA,110,265,True,HIPERTROFIA_VE,130,False,0.0,ASCENDENTE,1,NORMAL,0,False,UCI Heart Disease — Cleveland,REAL_PUBLIC_ANONYMIZED,True
UCI-CLE-0105,49,M,DOR_NAO_ANGINOSA,120,188,False,NORMAL,139,False,2.0,PLANA,3,DEFEITO_REVERSIVEL,3,True,UCI Heart Disease — Cleveland,REAL_PUBLIC_ANONYMIZED,True
UCI-CLE-0106,54,M,ANGINA_ATIPICA,108,309,False,NORMAL,156,False,0.0,ASCENDENTE,0,DEFEITO_REVERSIVEL,0,False,UCI Heart Disease — Cleveland,REAL_PUBLIC_ANONYMIZED,True
UCI-CLE-0107,59,M,ASSINTOMATICO,140,177,False,NORMAL,162,True,0.0,ASCENDENTE,1,DEFEITO_REVERSIVEL,2,True,UCI Heart Disease — Cleveland,REAL_PUBLIC_ANONYMIZED,True
UCI-CLE-0108,57,M,DOR_NAO_ANGINOSA,128,229,False,HIPERTROFIA_VE,150,False,0.4,PLANA,1,DEFEITO_REVERSIVEL,1,True,UCI Heart Disease — Cleveland,REAL_PUBLIC_ANONYMIZED,True
UCI-CLE-0109,61,M,ASSINTOMATICO,120,260,False,NORMAL,140,True,3.6,PLANA,1,DEFEITO_REVERSIVEL,2,True,UCI Heart Disease — Cleveland,REAL_PUBLIC_ANONYMIZED,True
UCI-CLE-0110,39,M,ASSINTOMATICO,118,219,False,NORMAL,140,False,1.2,PLANA,0,DEFEITO_REVERSIVEL,3,True,UCI Heart Disease — Cleveland,REAL_PUBLIC_ANONYMIZED,True
UCI-CLE-0111,61,F,ASSINTOMATICO,145,307,False,HIPERTROFIA_VE,146,True,1.0,PLANA,0,DEFEITO_REVERSIVEL,1,True,UCI Heart Disease — Cleveland,REAL_PUBLIC_ANONYMIZED,True
UCI-CLE-0112,56,M,ASSINTOMATICO,125,249,True,HIPERTROFIA_VE,144,True,1.2,PLANA,1,NORMAL,1,True,UCI Heart Disease — Cleveland,REAL_PUBLIC_ANONYMIZED,True
UCI-CLE-0113,52,M,ANGINA_TIPICA,118,186,False,HIPERTROFIA_VE,190,False,0.0,PLANA,0,DEFEITO_FIXO,0,False,UCI Heart Disease — Cleveland,REAL_PUBLIC_ANONYMIZED,True
UCI-CLE-0114,43,F,ASSINTOMATICO,132,341,True,HIPERTROFIA_VE,136,True,3.0,PLANA,0,DEFEITO_REVERSIVEL,2,True,UCI Heart Disease — Cleveland,REAL_PUBLIC_ANONYMIZED,True
UCI-CLE-0115,62,F,DOR_NAO_ANGINOSA,130,263,False,NORMAL,97,False,1.2,PLANA,1,DEFEITO_REVERSIVEL,2,True,UCI Heart Disease — Cleveland,REAL_PUBLIC_ANONYMIZED,True
UCI-CLE-0116,41,M,ANGINA_ATIPICA,135,203,False,NORMAL,132,False,0.0,PLANA,0,DEFEITO_FIXO,0,False,UCI Heart Disease — Cleveland,REAL_PUBLIC_ANONYMIZED,True
UCI-CLE-0117,58,M,DOR_NAO_ANGINOSA,140,211,True,HIPERTROFIA_VE,165,False,0.0,ASCENDENTE,0,NORMAL,0,False,UCI Heart Disease — Cleveland,REAL_PUBLIC_ANONYMIZED,True
UCI-CLE-0118,35,F,ASSINTOMATICO,138,183,False,NORMAL,182,False,1.4,ASCENDENTE,0,NORMAL,0,False,UCI Heart Disease — Cleveland,REAL_PUBLIC_ANONYMIZED,True
UCI-CLE-0119,63,M,ASSINTOMATICO,130,330,True,HIPERTROFIA_VE,132,True,1.8,ASCENDENTE,3,DEFEITO_REVERSIVEL,3,True,UCI Heart Disease — Cleveland,REAL_PUBLIC_ANONYMIZED,True
UCI-CLE-0120,65,M,ASSINTOMATICO,135,254,False,HIPERTROFIA_VE,127,False,2.8,PLANA,1,DEFEITO_REVERSIVEL,2,True,UCI Heart Disease — Cleveland,REAL_PUBLIC_ANONYMIZED,True
UCI-CLE-0121,48,M,ASSINTOMATICO,130,256,True,HIPERTROFIA_VE,150,True,0.0,ASCENDENTE,2,DEFEITO_REVERSIVEL,3,True,UCI Heart Disease — Cleveland,REAL_PUBLIC_ANONYMIZED,True
UCI-CLE-0122,63,F,ASSINTOMATICO,150,407,False,HIPERTROFIA_VE,154,False,4.0,PLANA,3,DEFEITO_REVERSIVEL,4,True,UCI Heart Disease — Cleveland,REAL_PUBLIC_ANONYMIZED,True
UCI-CLE-0123,51,M,DOR_NAO_ANGINOSA,100,222,False,NORMAL,143,True,1.2,PLANA,0,NORMAL,0,False,UCI Heart Disease — Cleveland,REAL_PUBLIC_ANONYMIZED,True
UCI-CLE-0124,55,M,ASSINTOMATICO,140,217,False,NORMAL,111,True,5.6,DESCENDENTE,0,DEFEITO_REVERSIVEL,3,True,UCI Heart Disease — Cleveland,REAL_PUBLIC_ANONYMIZED,True
UCI-CLE-0125,65,M,ANGINA_TIPICA,138,282,True,HIPERTROFIA_VE,174,False,1.4,PLANA,1,NORMAL,1,True,UCI Heart Disease — Cleveland,REAL_PUBLIC_ANONYMIZED,True
UCI-CLE-0126,45,F,ANGINA_ATIPICA,130,234,False,HIPERTROFIA_VE,175,False,0.6,PLANA,0,NORMAL,0,False,UCI Heart Disease — Cleveland,REAL_PUBLIC_ANONYMIZED,True
UCI-CLE-0127,56,F,ASSINTOMATICO,200,288,True,HIPERTROFIA_VE,133,True,4.0,DESCENDENTE,2,DEFEITO_REVERSIVEL,3,True,UCI Heart Disease — Cleveland,REAL_PUBLIC_ANONYMIZED,True
UCI-CLE-0128,54,M,ASSINTOMATICO,110,239,False,NORMAL,126,True,2.8,PLANA,1,DEFEITO_REVERSIVEL,3,True,UCI Heart Disease — Cleveland,REAL_PUBLIC_ANONYMIZED,True
UCI-CLE-0129,44,M,ANGINA_ATIPICA,120,220,False,NORMAL,170,False,0.0,ASCENDENTE,0,NORMAL,0,False,UCI Heart Disease — Cleveland,REAL_PUBLIC_ANONYMIZED,True
UCI-CLE-0130,62,F,ASSINTOMATICO,124,209,False,NORMAL,163,False,0.0,ASCENDENTE,0,NORMAL,0,False,UCI Heart Disease — Cleveland,REAL_PUBLIC_ANONYMIZED,True
UCI-CLE-0131,54,M,DOR_NAO_ANGINOSA,120,258,False,HIPERTROFIA_VE,147,False,0.4,PLANA,0,DEFEITO_REVERSIVEL,0,False,UCI Heart Disease — Cleveland,REAL_PUBLIC_ANONYMIZED,True
UCI-CLE-0132,51,M,DOR_NAO_ANGINOSA,94,227,False,NORMAL,154,True,0.0,ASCENDENTE,1,DEFEITO_REVERSIVEL,0,False,UCI Heart Disease — Cleveland,REAL_PUBLIC_ANONYMIZED,True
UCI-CLE-0133,29,M,ANGINA_ATIPICA,130,204,False,HIPERTROFIA_VE,202,False,0.0,ASCENDENTE,0,NORMAL,0,False,UCI Heart Disease — Cleveland,REAL_PUBLIC_ANONYMIZED,True
UCI-CLE-0134,51,M,ASSINTOMATICO,140,261,False,HIPERTROFIA_VE,186,True,0.0,ASCENDENTE,0,NORMAL,0,False,UCI Heart Disease — Cleveland,REAL_PUBLIC_ANONYMIZED,True
UCI-CLE-0135,43,F,DOR_NAO_ANGINOSA,122,213,False,NORMAL,165,False,0.2,PLANA,0,NORMAL,0,False,UCI Heart Disease — Cleveland,REAL_PUBLIC_ANONYMIZED,True
UCI-CLE-0136,55,F,ANGINA_ATIPICA,135,250,False,HIPERTROFIA_VE,161,False,1.4,PLANA,0,NORMAL,0,False,UCI Heart Disease — Cleveland,REAL_PUBLIC_ANONYMIZED,True
UCI-CLE-0137,70,M,ASSINTOMATICO,145,174,False,NORMAL,125,True,2.6,DESCENDENTE,0,DEFEITO_REVERSIVEL,4,True,UCI Heart Disease — Cleveland,REAL_PUBLIC_ANONYMIZED,True
UCI-CLE-0138,62,M,ANGINA_ATIPICA,120,281,False,HIPERTROFIA_VE,103,False,1.4,PLANA,1,DEFEITO_REVERSIVEL,3,True,UCI Heart Disease — Cleveland,REAL_PUBLIC_ANONYMIZED,True
UCI-CLE-0139,35,M,ASSINTOMATICO,120,198,False,NORMAL,130,True,1.6,PLANA,0,DEFEITO_REVERSIVEL,1,True,UCI Heart Disease — Cleveland,REAL_PUBLIC_ANONYMIZED,True
UCI-CLE-0140,51,M,DOR_NAO_ANGINOSA,125,245,True,HIPERTROFIA_VE,166,False,2.4,PLANA,0,NORMAL,0,False,UCI Heart Disease — Cleveland,REAL_PUBLIC_ANONYMIZED,True
UCI-CLE-0141,59,M,ANGINA_ATIPICA,140,221,False,NORMAL,164,True,0.0,ASCENDENTE,0,NORMAL,0,False,UCI Heart Disease — Cleveland,REAL_PUBLIC_ANONYMIZED,True
UCI-CLE-0142,59,M,ANGINA_TIPICA,170,288,False,HIPERTROFIA_VE,159,False,0.2,PLANA,0,DEFEITO_REVERSIVEL,1,True,UCI Heart Disease — Cleveland,REAL_PUBLIC_ANONYMIZED,True
UCI-CLE-0143,52,M,ANGINA_ATIPICA,128,205,True,NORMAL,184,False,0.0,ASCENDENTE,0,NORMAL,0,False,UCI Heart Disease — Cleveland,REAL_PUBLIC_ANONYMIZED,True
UCI-CLE-0144,64,M,DOR_NAO_ANGINOSA,125,309,False,NORMAL,131,True,1.8,PLANA,0,DEFEITO_REVERSIVEL,1,True,UCI Heart Disease — Cleveland,REAL_PUBLIC_ANONYMIZED,True
UCI-CLE-0145,58,M,DOR_NAO_ANGINOSA,105,240,False,HIPERTROFIA_VE,154,True,0.6,PLANA,0,DEFEITO_REVERSIVEL,0,False,UCI Heart Disease — Cleveland,REAL_PUBLIC_ANONYMIZED,True
UCI-CLE-0146,47,M,DOR_NAO_ANGINOSA,108,243,False,NORMAL,152,False,0.0,ASCENDENTE,0,NORMAL,1,True,UCI Heart Disease — Cleveland,REAL_PUBLIC_ANONYMIZED,True
UCI-CLE-0147,57,M,ASSINTOMATICO,165,289,True,HIPERTROFIA_VE,124,False,1.0,PLANA,3,DEFEITO_REVERSIVEL,4,True,UCI Heart Disease — Cleveland,REAL_PUBLIC_ANONYMIZED,True
UCI-CLE-0148,41,M,DOR_NAO_ANGINOSA,112,250,False,NORMAL,179,False,0.0,ASCENDENTE,0,NORMAL,0,False,UCI Heart Disease — Cleveland,REAL_PUBLIC_ANONYMIZED,True
UCI-CLE-0149,45,M,ANGINA_ATIPICA,128,308,False,HIPERTROFIA_VE,170,False,0.0,ASCENDENTE,0,NORMAL,0,False,UCI Heart Disease — Cleveland,REAL_PUBLIC_ANONYMIZED,True
UCI-CLE-0150,60,F,DOR_NAO_ANGINOSA,102,318,False,NORMAL,160,False,0.0,ASCENDENTE,1,NORMAL,0,False,UCI Heart Disease — Cleveland,REAL_PUBLIC_ANONYMIZED,True
UCI-CLE-0151,52,M,ANGINA_TIPICA,152,298,True,NORMAL,178,False,1.2,PLANA,0,DEFEITO_REVERSIVEL,0,False,UCI Heart Disease — Cleveland,REAL_PUBLIC_ANONYMIZED,True
UCI-CLE-0152,42,F,ASSINTOMATICO,102,265,False,HIPERTROFIA_VE,122,False,0.6,PLANA,0,NORMAL,0,False,UCI Heart Disease — Cleveland,REAL_PUBLIC_ANONYMIZED,True
UCI-CLE-0153,67,F,DOR_NAO_ANGINOSA,115,564,False,HIPERTROFIA_VE,160,False,1.6,PLANA,0,DEFEITO_REVERSIVEL,0,False,UCI Heart Disease — Cleveland,REAL_PUBLIC_ANONYMIZED,True
UCI-CLE-0154,55,M,ASSINTOMATICO,160,289,False,HIPERTROFIA_VE,145,True,0.8,PLANA,1,DEFEITO_REVERSIVEL,4,True,UCI Heart Disease — Cleveland,REAL_PUBLIC_ANONYMIZED,True
UCI-CLE-0155,64,M,ASSINTOMATICO,120,246,False,HIPERTROFIA_VE,96,True,2.2,DESCENDENTE,1,NORMAL,3,True,UCI Heart Disease — Cleveland,REAL_PUBLIC_ANONYMIZED,True
UCI-CLE-0156,70,M,ASSINTOMATICO,130,322,False,HIPERTROFIA_VE,109,False,2.4,PLANA,3,NORMAL,1,True,UCI Heart Disease — Cleveland,REAL_PUBLIC_ANONYMIZED,True
UCI-CLE-0157,51,M,ASSINTOMATICO,140,299,False,NORMAL,173,True,1.6,ASCENDENTE,0,DEFEITO_REVERSIVEL,1,True,UCI Heart Disease — Cleveland,REAL_PUBLIC_ANONYMIZED,True
UCI-CLE-0158,58,M,ASSINTOMATICO,125,300,False,HIPERTROFIA_VE,171,False,0.0,ASCENDENTE,2,DEFEITO_REVERSIVEL,1,True,UCI Heart Disease — Cleveland,REAL_PUBLIC_ANONYMIZED,True
UCI-CLE-0159,60,M,ASSINTOMATICO,140,293,False,HIPERTROFIA_VE,170,False,1.2,PLANA,2,DEFEITO_REVERSIVEL,2,True,UCI Heart Disease — Cleveland,REAL_PUBLIC_ANONYMIZED,True
UCI-CLE-0160,68,M,DOR_NAO_ANGINOSA,118,277,False,NORMAL,151,False,1.0,ASCENDENTE,1,DEFEITO_REVERSIVEL,0,False,UCI Heart Disease — Cleveland,REAL_PUBLIC_ANONYMIZED,True
UCI-CLE-0161,46,M,ANGINA_ATIPICA,101,197,True,NORMAL,156,False,0.0,ASCENDENTE,0,DEFEITO_REVERSIVEL,0,False,UCI Heart Disease — Cleveland,REAL_PUBLIC_ANONYMIZED,True
UCI-CLE-0162,77,M,ASSINTOMATICO,125,304,False,HIPERTROFIA_VE,162,True,0.0,ASCENDENTE,3,NORMAL,4,True,UCI Heart Disease — Cleveland,REAL_PUBLIC_ANONYMIZED,True
UCI-CLE-0163,54,F,DOR_NAO_ANGINOSA,110,214,False,NORMAL,158,False,1.6,PLANA,0,NORMAL,0,False,UCI Heart Disease — Cleveland,REAL_PUBLIC_ANONYMIZED,True
UCI-CLE-0164,58,F,ASSINTOMATICO,100,248,False,HIPERTROFIA_VE,122,False,1.0,PLANA,0,NORMAL,0,False,UCI Heart Disease — Cleveland,REAL_PUBLIC_ANONYMIZED,True
UCI-CLE-0165,48,M,DOR_NAO_ANGINOSA,124,255,True,NORMAL,175,False,0.0,ASCENDENTE,2,NORMAL,0,False,UCI Heart Disease — Cleveland,REAL_PUBLIC_ANONYMIZED,True
UCI-CLE-0166,57,M,ASSINTOMATICO,132,207,False,NORMAL,168,True,0.0,ASCENDENTE,0,DEFEITO_REVERSIVEL,0,False,UCI Heart Disease — Cleveland,REAL_PUBLIC_ANONYMIZED,True
UCI-CLE-0167,52,M,DOR_NAO_ANGINOSA,138,223,False,NORMAL,169,False,0.0,ASCENDENTE,,NORMAL,0,False,UCI Heart Disease — Cleveland,REAL_PUBLIC_ANONYMIZED,True
UCI-CLE-0168,54,F,ANGINA_ATIPICA,132,288,True,HIPERTROFIA_VE,159,True,0.0,ASCENDENTE,1,NORMAL,0,False,UCI Heart Disease — Cleveland,REAL_PUBLIC_ANONYMIZED,True
UCI-CLE-0169,35,M,ASSINTOMATICO,126,282,False,HIPERTROFIA_VE,156,True,0.0,ASCENDENTE,0,DEFEITO_REVERSIVEL,1,True,UCI Heart Disease — Cleveland,REAL_PUBLIC_ANONYMIZED,True
UCI-CLE-0170,45,F,ANGINA_ATIPICA,112,160,False,NORMAL,138,False,0.0,PLANA,0,NORMAL,0,False,UCI Heart Disease — Cleveland,REAL_PUBLIC_ANONYMIZED,True
UCI-CLE-0171,70,M,DOR_NAO_ANGINOSA,160,269,False,NORMAL,112,True,2.9,PLANA,1,DEFEITO_REVERSIVEL,3,True,UCI Heart Disease — Cleveland,REAL_PUBLIC_ANONYMIZED,True
UCI-CLE-0172,53,M,ASSINTOMATICO,142,226,False,HIPERTROFIA_VE,111,True,0.0,ASCENDENTE,0,DEFEITO_REVERSIVEL,0,False,UCI Heart Disease — Cleveland,REAL_PUBLIC_ANONYMIZED,True
UCI-CLE-0173,59,F,ASSINTOMATICO,174,249,False,NORMAL,143,True,0.0,PLANA,0,NORMAL,1,True,UCI Heart Disease — Cleveland,REAL_PUBLIC_ANONYMIZED,True
UCI-CLE-0174,62,F,ASSINTOMATICO,140,394,False,HIPERTROFIA_VE,157,False,1.2,PLANA,0,NORMAL,0,False,UCI Heart Disease — Cleveland,REAL_PUBLIC_ANONYMIZED,True
UCI-CLE-0175,64,M,ASSINTOMATICO,145,212,False,HIPERTROFIA_VE,132,False,2.0,PLANA,2,DEFEITO_FIXO,4,True,UCI Heart Disease — Cleveland,REAL_PUBLIC_ANONYMIZED,True
UCI-CLE-0176,57,M,ASSINTOMATICO,152,274,False,NORMAL,88,True,1.2,PLANA,1,DEFEITO_REVERSIVEL,1,True,UCI Heart Disease — Cleveland,REAL_PUBLIC_ANONYMIZED,True
UCI-CLE-0177,52,M,ASSINTOMATICO,108,233,True,NORMAL,147,False,0.1,ASCENDENTE,3,DEFEITO_REVERSIVEL,0,False,UCI Heart Disease — Cleveland,REAL_PUBLIC_ANONYMIZED,True
UCI-CLE-0178,56,M,ASSINTOMATICO,132,184,False,HIPERTROFIA_VE,105,True,2.1,PLANA,1,DEFEITO_FIXO,1,True,UCI Heart Disease — Cleveland,REAL_PUBLIC_ANONYMIZED,True
UCI-CLE-0179,43,M,DOR_NAO_ANGINOSA,130,315,False,NORMAL,162,False,1.9,ASCENDENTE,1,NORMAL,0,False,UCI Heart Disease — Cleveland,REAL_PUBLIC_ANONYMIZED,True
UCI-CLE-0180,53,M,DOR_NAO_ANGINOSA,130,246,True,HIPERTROFIA_VE,173,False,0.0,ASCENDENTE,3,NORMAL,0,False,UCI Heart Disease — Cleveland,REAL_PUBLIC_ANONYMIZED,True
UCI-CLE-0181,48,M,ASSINTOMATICO,124,274,False,HIPERTROFIA_VE,166,False,0.5,PLANA,0,DEFEITO_REVERSIVEL,3,True,UCI Heart Disease — Cleveland,REAL_PUBLIC_ANONYMIZED,True
UCI-CLE-0182,56,F,ASSINTOMATICO,134,409,False,HIPERTROFIA_VE,150,True,1.9,PLANA,2,DEFEITO_REVERSIVEL,2,True,UCI Heart Disease — Cleveland,REAL_PUBLIC_ANONYMIZED,True
UCI-CLE-0183,42,M,ANGINA_TIPICA,148,244,False,HIPERTROFIA_VE,178,False,0.8,ASCENDENTE,2,NORMAL,0,False,UCI Heart Disease — Cleveland,REAL_PUBLIC_ANONYMIZED,True
UCI-CLE-0184,59,M,ANGINA_TIPICA,178,270,False,HIPERTROFIA_VE,145,False,4.2,DESCENDENTE,0,DEFEITO_REVERSIVEL,0,False,UCI Heart Disease — Cleveland,REAL_PUBLIC_ANONYMIZED,True
UCI-CLE-0185,60,F,ASSINTOMATICO,158,305,False,HIPERTROFIA_VE,161,False,0.0,ASCENDENTE,0,NORMAL,1,True,UCI Heart Disease — Cleveland,REAL_PUBLIC_ANONYMIZED,True
UCI-CLE-0186,63,F,ANGINA_ATIPICA,140,195,False,NORMAL,179,False,0.0,ASCENDENTE,2,NORMAL,0,False,UCI Heart Disease — Cleveland,REAL_PUBLIC_ANONYMIZED,True
UCI-CLE-0187,42,M,DOR_NAO_ANGINOSA,120,240,True,NORMAL,194,False,0.8,DESCENDENTE,0,DEFEITO_REVERSIVEL,0,False,UCI Heart Disease — Cleveland,REAL_PUBLIC_ANONYMIZED,True
UCI-CLE-0188,66,M,ANGINA_ATIPICA,160,246,False,NORMAL,120,True,0.0,PLANA,3,DEFEITO_FIXO,2,True,UCI Heart Disease — Cleveland,REAL_PUBLIC_ANONYMIZED,True
UCI-CLE-0189,54,M,ANGINA_ATIPICA,192,283,False,HIPERTROFIA_VE,195,False,0.0,ASCENDENTE,1,DEFEITO_REVERSIVEL,1,True,UCI Heart Disease — Cleveland,REAL_PUBLIC_ANONYMIZED,True
UCI-CLE-0190,69,M,DOR_NAO_ANGINOSA,140,254,False,HIPERTROFIA_VE,146,False,2.0,PLANA,3,DEFEITO_REVERSIVEL,2,True,UCI Heart Disease — Cleveland,REAL_PUBLIC_ANONYMIZED,True
UCI-CLE-0191,50,M,DOR_NAO_ANGINOSA,129,196,False,NORMAL,163,False,0.0,ASCENDENTE,0,NORMAL,0,False,UCI Heart Disease — Cleveland,REAL_PUBLIC_ANONYMIZED,True
UCI-CLE-0192,51,M,ASSINTOMATICO,140,298,False,NORMAL,122,True,4.2,PLANA,3,DEFEITO_REVERSIVEL,3,True,UCI Heart Disease — Cleveland,REAL_PUBLIC_ANONYMIZED,True
UCI-CLE-0193,43,M,ASSINTOMATICO,132,247,True,HIPERTROFIA_VE,143,True,0.1,PLANA,,DEFEITO_REVERSIVEL,1,True,UCI Heart Disease — Cleveland,REAL_PUBLIC_ANONYMIZED,True
UCI-CLE-0194,62,F,ASSINTOMATICO,138,294,True,NORMAL,106,False,1.9,PLANA,3,NORMAL,2,True,UCI Heart Disease — Cleveland,REAL_PUBLIC_ANONYMIZED,True
UCI-CLE-0195,68,F,DOR_NAO_ANGINOSA,120,211,False,HIPERTROFIA_VE,115,False,1.5,PLANA,0,NORMAL,0,False,UCI Heart Disease — Cleveland,REAL_PUBLIC_ANONYMIZED,True
UCI-CLE-0196,67,M,ASSINTOMATICO,100,299,False,HIPERTROFIA_VE,125,True,0.9,PLANA,2,NORMAL,3,True,UCI Heart Disease — Cleveland,REAL_PUBLIC_ANONYMIZED,True
UCI-CLE-0197,69,M,ANGINA_TIPICA,160,234,True,HIPERTROFIA_VE,131,False,0.1,PLANA,1,NORMAL,0,False,UCI Heart Disease — Cleveland,REAL_PUBLIC_ANONYMIZED,True
UCI-CLE-0198,45,F,ASSINTOMATICO,138,236,False,HIPERTROFIA_VE,152,True,0.2,PLANA,0,NORMAL,0,False,UCI Heart Disease — Cleveland,REAL_PUBLIC_ANONYMIZED,True
UCI-CLE-0199,50,F,ANGINA_ATIPICA,120,244,False,NORMAL,162,False,1.1,ASCENDENTE,0,NORMAL,0,False,UCI Heart Disease — Cleveland,REAL_PUBLIC_ANONYMIZED,True
UCI-CLE-0200,59,M,ANGINA_TIPICA,160,273,False,HIPERTROFIA_VE,125,False,0.0,ASCENDENTE,0,NORMAL,1,True,UCI Heart Disease — Cleveland,REAL_PUBLIC_ANONYMIZED,True
UCI-CLE-0201,50,F,ASSINTOMATICO,110,254,False,HIPERTROFIA_VE,159,False,0.0,ASCENDENTE,0,NORMAL,0,False,UCI Heart Disease — Cleveland,REAL_PUBLIC_ANONYMIZED,True
UCI-CLE-0202,64,F,ASSINTOMATICO,180,325,False,NORMAL,154,True,0.0,ASCENDENTE,0,NORMAL,0,False,UCI Heart Disease — Cleveland,REAL_PUBLIC_ANONYMIZED,True
UCI-CLE-0203,57,M,DOR_NAO_ANGINOSA,150,126,True,NORMAL,173,False,0.2,ASCENDENTE,1,DEFEITO_REVERSIVEL,0,False,UCI Heart Disease — Cleveland,REAL_PUBLIC_ANONYMIZED,True
UCI-CLE-0204,64,F,DOR_NAO_ANGINOSA,140,313,False,NORMAL,133,False,0.2,ASCENDENTE,0,DEFEITO_REVERSIVEL,0,False,UCI Heart Disease — Cleveland,REAL_PUBLIC_ANONYMIZED,True
UCI-CLE-0205,43,M,ASSINTOMATICO,110,211,False,NORMAL,161,False,0.0,ASCENDENTE,0,DEFEITO_REVERSIVEL,0,False,UCI Heart Disease — Cleveland,REAL_PUBLIC_ANONYMIZED,True
UCI-CLE-0206,45,M,ASSINTOMATICO,142,309,False,HIPERTROFIA_VE,147,True,0.0,PLANA,3,DEFEITO_REVERSIVEL,3,True,UCI Heart Disease — Cleveland,REAL_PUBLIC_ANONYMIZED,True
UCI-CLE-0207,58,M,ASSINTOMATICO,128,259,False,HIPERTROFIA_VE,130,True,3.0,PLANA,2,DEFEITO_REVERSIVEL,3,True,UCI Heart Disease — Cleveland,REAL_PUBLIC_ANONYMIZED,True
UCI-CLE-0208,50,M,ASSINTOMATICO,144,200,False,HIPERTROFIA_VE,126,True,0.9,PLANA,0,DEFEITO_REVERSIVEL,3,True,UCI Heart Disease — Cleveland,REAL_PUBLIC_ANONYMIZED,True
UCI-CLE-0209,55,M,ANGINA_ATIPICA,130,262,False,NORMAL,155,False,0.0,ASCENDENTE,0,NORMAL,0,False,UCI Heart Disease — Cleveland,REAL_PUBLIC_ANONYMIZED,True
UCI-CLE-0210,62,F,ASSINTOMATICO,150,244,False,NORMAL,154,True,1.4,PLANA,0,NORMAL,1,True,UCI Heart Disease — Cleveland,REAL_PUBLIC_ANONYMIZED,True
UCI-CLE-0211,37,F,DOR_NAO_ANGINOSA,120,215,False,NORMAL,170,False,0.0,ASCENDENTE,0,NORMAL,0,False,UCI Heart Disease — Cleveland,REAL_PUBLIC_ANONYMIZED,True
UCI-CLE-0212,38,M,ANGINA_TIPICA,120,231,False,NORMAL,182,True,3.8,PLANA,0,DEFEITO_REVERSIVEL,4,True,UCI Heart Disease — Cleveland,REAL_PUBLIC_ANONYMIZED,True
UCI-CLE-0213,41,M,DOR_NAO_ANGINOSA,130,214,False,HIPERTROFIA_VE,168,False,2.0,PLANA,0,NORMAL,0,False,UCI Heart Disease — Cleveland,REAL_PUBLIC_ANONYMIZED,True
UCI-CLE-0214,66,F,ASSINTOMATICO,178,228,True,NORMAL,165,True,1.0,PLANA,2,DEFEITO_REVERSIVEL,3,True,UCI Heart Disease — Cleveland,REAL_PUBLIC_ANONYMIZED,True
UCI-CLE-0215,52,M,ASSINTOMATICO,112,230,False,NORMAL,160,False,0.0,ASCENDENTE,1,NORMAL,1,True,UCI Heart Disease — Cleveland,REAL_PUBLIC_ANONYMIZED,True
UCI-CLE-0216,56,M,ANGINA_TIPICA,120,193,False,HIPERTROFIA_VE,162,False,1.9,PLANA,0,DEFEITO_REVERSIVEL,0,False,UCI Heart Disease — Cleveland,REAL_PUBLIC_ANONYMIZED,True
UCI-CLE-0217,46,F,ANGINA_ATIPICA,105,204,False,NORMAL,172,False,0.0,ASCENDENTE,0,NORMAL,0,False,UCI Heart Disease — Cleveland,REAL_PUBLIC_ANONYMIZED,True
UCI-CLE-0218,46,F,ASSINTOMATICO,138,243,False,HIPERTROFIA_VE,152,True,0.0,PLANA,0,NORMAL,0,False,UCI Heart Disease — Cleveland,REAL_PUBLIC_ANONYMIZED,True
UCI-CLE-0219,64,F,ASSINTOMATICO,130,303,False,NORMAL,122,False,2.0,PLANA,2,NORMAL,0,False,UCI Heart Disease — Cleveland,REAL_PUBLIC_ANONYMIZED,True
UCI-CLE-0220,59,M,ASSINTOMATICO,138,271,False,HIPERTROFIA_VE,182,False,0.0,ASCENDENTE,0,NORMAL,0,False,UCI Heart Disease — Cleveland,REAL_PUBLIC_ANONYMIZED,True
UCI-CLE-0221,41,F,DOR_NAO_ANGINOSA,112,268,False,HIPERTROFIA_VE,172,True,0.0,ASCENDENTE,0,NORMAL,0,False,UCI Heart Disease — Cleveland,REAL_PUBLIC_ANONYMIZED,True
UCI-CLE-0222,54,F,DOR_NAO_ANGINOSA,108,267,False,HIPERTROFIA_VE,167,False,0.0,ASCENDENTE,0,NORMAL,0,False,UCI Heart Disease — Cleveland,REAL_PUBLIC_ANONYMIZED,True
UCI-CLE-0223,39,F,DOR_NAO_ANGINOSA,94,199,False,NORMAL,179,False,0.0,ASCENDENTE,0,NORMAL,0,False,UCI Heart Disease — Cleveland,REAL_PUBLIC_ANONYMIZED,True
UCI-CLE-0224,53,M,ASSINTOMATICO,123,282,False,NORMAL,95,True,2.0,PLANA,2,DEFEITO_REVERSIVEL,3,True,UCI Heart Disease — Cleveland,REAL_PUBLIC_ANONYMIZED,True
UCI-CLE-0225,63,F,ASSINTOMATICO,108,269,False,NORMAL,169,True,1.8,PLANA,2,NORMAL,1,True,UCI Heart Disease — Cleveland,REAL_PUBLIC_ANONYMIZED,True
UCI-CLE-0226,34,F,ANGINA_ATIPICA,118,210,False,NORMAL,192,False,0.7,ASCENDENTE,0,NORMAL,0,False,UCI Heart Disease — Cleveland,REAL_PUBLIC_ANONYMIZED,True
UCI-CLE-0227,47,M,ASSINTOMATICO,112,204,False,NORMAL,143,False,0.1,ASCENDENTE,0,NORMAL,0,False,UCI Heart Disease — Cleveland,REAL_PUBLIC_ANONYMIZED,True
UCI-CLE-0228,67,F,DOR_NAO_ANGINOSA,152,277,False,NORMAL,172,False,0.0,ASCENDENTE,1,NORMAL,0,False,UCI Heart Disease — Cleveland,REAL_PUBLIC_ANONYMIZED,True
UCI-CLE-0229,54,M,ASSINTOMATICO,110,206,False,HIPERTROFIA_VE,108,True,0.0,PLANA,1,NORMAL,3,True,UCI Heart Disease — Cleveland,REAL_PUBLIC_ANONYMIZED,True
UCI-CLE-0230,66,M,ASSINTOMATICO,112,212,False,HIPERTROFIA_VE,132,True,0.1,ASCENDENTE,1,NORMAL,2,True,UCI Heart Disease — Cleveland,REAL_PUBLIC_ANONYMIZED,True
UCI-CLE-0231,52,F,DOR_NAO_ANGINOSA,136,196,False,HIPERTROFIA_VE,169,False,0.1,PLANA,0,NORMAL,0,False,UCI Heart Disease — Cleveland,REAL_PUBLIC_ANONYMIZED,True
UCI-CLE-0232,55,F,ASSINTOMATICO,180,327,False,ANORMALIDADE_ST_T,117,True,3.4,PLANA,0,NORMAL,2,True,UCI Heart Disease — Cleveland,REAL_PUBLIC_ANONYMIZED,True
UCI-CLE-0233,49,M,DOR_NAO_ANGINOSA,118,149,False,HIPERTROFIA_VE,126,False,0.8,ASCENDENTE,3,NORMAL,1,True,UCI Heart Disease — Cleveland,REAL_PUBLIC_ANONYMIZED,True
UCI-CLE-0234,74,F,ANGINA_ATIPICA,120,269,False,HIPERTROFIA_VE,121,True,0.2,ASCENDENTE,1,NORMAL,0,False,UCI Heart Disease — Cleveland,REAL_PUBLIC_ANONYMIZED,True
UCI-CLE-0235,54,F,DOR_NAO_ANGINOSA,160,201,False,NORMAL,163,False,0.0,ASCENDENTE,1,NORMAL,0,False,UCI Heart Disease — Cleveland,REAL_PUBLIC_ANONYMIZED,True
UCI-CLE-0236,54,M,ASSINTOMATICO,122,286,False,HIPERTROFIA_VE,116,True,3.2,PLANA,2,NORMAL,3,True,UCI Heart Disease — Cleveland,REAL_PUBLIC_ANONYMIZED,True
UCI-CLE-0237,56,M,ASSINTOMATICO,130,283,True,HIPERTROFIA_VE,103,True,1.6,DESCENDENTE,0,DEFEITO_REVERSIVEL,2,True,UCI Heart Disease — Cleveland,REAL_PUBLIC_ANONYMIZED,True
UCI-CLE-0238,46,M,ASSINTOMATICO,120,249,False,HIPERTROFIA_VE,144,False,0.8,ASCENDENTE,0,DEFEITO_REVERSIVEL,1,True,UCI Heart Disease — Cleveland,REAL_PUBLIC_ANONYMIZED,True
UCI-CLE-0239,49,F,ANGINA_ATIPICA,134,271,False,NORMAL,162,False,0.0,PLANA,0,NORMAL,0,False,UCI Heart Disease — Cleveland,REAL_PUBLIC_ANONYMIZED,True
UCI-CLE-0240,42,M,ANGINA_ATIPICA,120,295,False,NORMAL,162,False,0.0,ASCENDENTE,0,NORMAL,0,False,UCI Heart Disease — Cleveland,REAL_PUBLIC_ANONYMIZED,True
UCI-CLE-0241,41,M,ANGINA_ATIPICA,110,235,False,NORMAL,153,False,0.0,ASCENDENTE,0,NORMAL,0,False,UCI Heart Disease — Cleveland,REAL_PUBLIC_ANONYMIZED,True
UCI-CLE-0242,41,F,ANGINA_ATIPICA,126,306,False,NORMAL,163,False,0.0,ASCENDENTE,0,NORMAL,0,False,UCI Heart Disease — Cleveland,REAL_PUBLIC_ANONYMIZED,True
UCI-CLE-0243,49,F,ASSINTOMATICO,130,269,False,NORMAL,163,False,0.0,ASCENDENTE,0,NORMAL,0,False,UCI Heart Disease — Cleveland,REAL_PUBLIC_ANONYMIZED,True
UCI-CLE-0244,61,M,ANGINA_TIPICA,134,234,False,NORMAL,145,False,2.6,PLANA,2,NORMAL,2,True,UCI Heart Disease — Cleveland,REAL_PUBLIC_ANONYMIZED,True
UCI-CLE-0245,60,F,DOR_NAO_ANGINOSA,120,178,True,NORMAL,96,False,0.0,ASCENDENTE,0,NORMAL,0,False,UCI Heart Disease — Cleveland,REAL_PUBLIC_ANONYMIZED,True
UCI-CLE-0246,67,M,ASSINTOMATICO,120,237,False,NORMAL,71,False,1.0,PLANA,0,NORMAL,2,True,UCI Heart Disease — Cleveland,REAL_PUBLIC_ANONYMIZED,True
UCI-CLE-0247,58,M,ASSINTOMATICO,100,234,False,NORMAL,156,False,0.1,ASCENDENTE,1,DEFEITO_REVERSIVEL,2,True,UCI Heart Disease — Cleveland,REAL_PUBLIC_ANONYMIZED,True
UCI-CLE-0248,47,M,ASSINTOMATICO,110,275,False,HIPERTROFIA_VE,118,True,1.0,PLANA,1,NORMAL,1,True,UCI Heart Disease — Cleveland,REAL_PUBLIC_ANONYMIZED,True
UCI-CLE-0249,52,M,ASSINTOMATICO,125,212,False,NORMAL,168,False,1.0,ASCENDENTE,2,DEFEITO_REVERSIVEL,3,True,UCI Heart Disease — Cleveland,REAL_PUBLIC_ANONYMIZED,True
UCI-CLE-0250,62,M,ANGINA_ATIPICA,128,208,True,HIPERTROFIA_VE,140,False,0.0,ASCENDENTE,0,NORMAL,0,False,UCI Heart Disease — Cleveland,REAL_PUBLIC_ANONYMIZED,True
UCI-CLE-0251,57,M,ASSINTOMATICO,110,201,False,NORMAL,126,True,1.5,PLANA,0,DEFEITO_FIXO,0,False,UCI Heart Disease — Cleveland,REAL_PUBLIC_ANONYMIZED,True
UCI-CLE-0252,58,M,ASSINTOMATICO,146,218,False,NORMAL,105,False,2.0,PLANA,1,DEFEITO_REVERSIVEL,1,True,UCI Heart Disease — Cleveland,REAL_PUBLIC_ANONYMIZED,True
UCI-CLE-0253,64,M,ASSINTOMATICO,128,263,False,NORMAL,105,True,0.2,PLANA,1,DEFEITO_REVERSIVEL,0,False,UCI Heart Disease — Cleveland,REAL_PUBLIC_ANONYMIZED,True
UCI-CLE-0254,51,F,DOR_NAO_ANGINOSA,120,295,False,HIPERTROFIA_VE,157,False,0.6,ASCENDENTE,0,NORMAL,0,False,UCI Heart Disease — Cleveland,REAL_PUBLIC_ANONYMIZED,True
UCI-CLE-0255,43,M,ASSINTOMATICO,115,303,False,NORMAL,181,False,1.2,PLANA,0,NORMAL,0,False,UCI Heart Disease — Cleveland,REAL_PUBLIC_ANONYMIZED,True
UCI-CLE-0256,42,F,DOR_NAO_ANGINOSA,120,209,False,NORMAL,173,False,0.0,PLANA,0,NORMAL,0,False,UCI Heart Disease — Cleveland,REAL_PUBLIC_ANONYMIZED,True
UCI-CLE-0257,67,F,ASSINTOMATICO,106,223,False,NORMAL,142,False,0.3,ASCENDENTE,2,NORMAL,0,False,UCI Heart Disease — Cleveland,REAL_PUBLIC_ANONYMIZED,True
UCI-CLE-0258,76,F,DOR_NAO_ANGINOSA,140,197,False,ANORMALIDADE_ST_T,116,False,1.1,PLANA,0,NORMAL,0,False,UCI Heart Disease — Cleveland,REAL_PUBLIC_ANONYMIZED,True
UCI-CLE-0259,70,M,ANGINA_ATIPICA,156,245,False,HIPERTROFIA_VE,143,False,0.0,ASCENDENTE,0,NORMAL,0,False,UCI Heart Disease — Cleveland,REAL_PUBLIC_ANONYMIZED,True
UCI-CLE-0260,57,M,ANGINA_ATIPICA,124,261,False,NORMAL,141,False,0.3,ASCENDENTE,0,DEFEITO_REVERSIVEL,1,True,UCI Heart Disease — Cleveland,REAL_PUBLIC_ANONYMIZED,True
UCI-CLE-0261,44,F,DOR_NAO_ANGINOSA,118,242,False,NORMAL,149,False,0.3,PLANA,1,NORMAL,0,False,UCI Heart Disease — Cleveland,REAL_PUBLIC_ANONYMIZED,True
UCI-CLE-0262,58,F,ANGINA_ATIPICA,136,319,True,HIPERTROFIA_VE,152,False,0.0,ASCENDENTE,2,NORMAL,3,True,UCI Heart Disease — Cleveland,REAL_PUBLIC_ANONYMIZED,True
UCI-CLE-0263,60,F,ANGINA_TIPICA,150,240,False,NORMAL,171,False,0.9,ASCENDENTE,0,NORMAL,0,False,UCI Heart Disease — Cleveland,REAL_PUBLIC_ANONYMIZED,True
UCI-CLE-0264,44,M,DOR_NAO_ANGINOSA,120,226,False,NORMAL,169,False,0.0,ASCENDENTE,0,NORMAL,0,False,UCI Heart Disease — Cleveland,REAL_PUBLIC_ANONYMIZED,True
UCI-CLE-0265,61,M,ASSINTOMATICO,138,166,False,HIPERTROFIA_VE,125,True,3.6,PLANA,1,NORMAL,4,True,UCI Heart Disease — Cleveland,REAL_PUBLIC_ANONYMIZED,True
UCI-CLE-0266,42,M,ASSINTOMATICO,136,315,False,NORMAL,125,True,1.8,PLANA,0,DEFEITO_FIXO,2,True,UCI Heart Disease — Cleveland,REAL_PUBLIC_ANONYMIZED,True
UCI-CLE-0267,52,M,ASSINTOMATICO,128,204,True,NORMAL,156,True,1.0,PLANA,0,,2,True,UCI Heart Disease — Cleveland,REAL_PUBLIC_ANONYMIZED,True
UCI-CLE-0268,59,M,DOR_NAO_ANGINOSA,126,218,True,NORMAL,134,False,2.2,PLANA,1,DEFEITO_FIXO,2,True,UCI Heart Disease — Cleveland,REAL_PUBLIC_ANONYMIZED,True
UCI-CLE-0269,40,M,ASSINTOMATICO,152,223,False,NORMAL,181,False,0.0,ASCENDENTE,0,DEFEITO_REVERSIVEL,1,True,UCI Heart Disease — Cleveland,REAL_PUBLIC_ANONYMIZED,True
UCI-CLE-0270,42,M,DOR_NAO_ANGINOSA,130,180,False,NORMAL,150,False,0.0,ASCENDENTE,0,NORMAL,0,False,UCI Heart Disease — Cleveland,REAL_PUBLIC_ANONYMIZED,True
UCI-CLE-0271,61,M,ASSINTOMATICO,140,207,False,HIPERTROFIA_VE,138,True,1.9,ASCENDENTE,1,DEFEITO_REVERSIVEL,1,True,UCI Heart Disease — Cleveland,REAL_PUBLIC_ANONYMIZED,True
UCI-CLE-0272,66,M,ASSINTOMATICO,160,228,False,HIPERTROFIA_VE,138,False,2.3,ASCENDENTE,0,DEFEITO_FIXO,0,False,UCI Heart Disease — Cleveland,REAL_PUBLIC_ANONYMIZED,True
UCI-CLE-0273,46,M,ASSINTOMATICO,140,311,False,NORMAL,120,True,1.8,PLANA,2,DEFEITO_REVERSIVEL,2,True,UCI Heart Disease — Cleveland,REAL_PUBLIC_ANONYMIZED,True
UCI-CLE-0274,71,F,ASSINTOMATICO,112,149,False,NORMAL,125,False,1.6,PLANA,0,NORMAL,0,False,UCI Heart Disease — Cleveland,REAL_PUBLIC_ANONYMIZED,True
UCI-CLE-0275,59,M,ANGINA_TIPICA,134,204,False,NORMAL,162,False,0.8,ASCENDENTE,2,NORMAL,1,True,UCI Heart Disease — Cleveland,REAL_PUBLIC_ANONYMIZED,True
UCI-CLE-0276,64,M,ANGINA_TIPICA,170,227,False,HIPERTROFIA_VE,155,False,0.6,PLANA,0,DEFEITO_REVERSIVEL,0,False,UCI Heart Disease — Cleveland,REAL_PUBLIC_ANONYMIZED,True
UCI-CLE-0277,66,F,DOR_NAO_ANGINOSA,146,278,False,HIPERTROFIA_VE,152,False,0.0,PLANA,1,NORMAL,0,False,UCI Heart Disease — Cleveland,REAL_PUBLIC_ANONYMIZED,True
UCI-CLE-0278,39,F,DOR_NAO_ANGINOSA,138,220,False,NORMAL,152,False,0.0,PLANA,0,NORMAL,0,False,UCI Heart Disease — Cleveland,REAL_PUBLIC_ANONYMIZED,True
UCI-CLE-0279,57,M,ANGINA_ATIPICA,154,232,False,HIPERTROFIA_VE,164,False,0.0,ASCENDENTE,1,NORMAL,1,True,UCI Heart Disease — Cleveland,REAL_PUBLIC_ANONYMIZED,True
UCI-CLE-0280,58,F,ASSINTOMATICO,130,197,False,NORMAL,131,False,0.6,PLANA,0,NORMAL,0,False,UCI Heart Disease — Cleveland,REAL_PUBLIC_ANONYMIZED,True
UCI-CLE-0281,57,M,ASSINTOMATICO,110,335,False,NORMAL,143,True,3.0,PLANA,1,DEFEITO_REVERSIVEL,2,True,UCI Heart Disease — Cleveland,REAL_PUBLIC_ANONYMIZED,True
UCI-CLE-0282,47,M,DOR_NAO_ANGINOSA,130,253,False,NORMAL,179,False,0.0,ASCENDENTE,0,NORMAL,0,False,UCI Heart Disease — Cleveland,REAL_PUBLIC_ANONYMIZED,True
UCI-CLE-0283,55,F,ASSINTOMATICO,128,205,False,ANORMALIDADE_ST_T,130,True,2.0,PLANA,1,DEFEITO_REVERSIVEL,3,True,UCI Heart Disease — Cleveland,REAL_PUBLIC_ANONYMIZED,True
UCI-CLE-0284,35,M,ANGINA_ATIPICA,122,192,False,NORMAL,174,False,0.0,ASCENDENTE,0,NORMAL,0,False,UCI Heart Disease — Cleveland,REAL_PUBLIC_ANONYMIZED,True
UCI-CLE-0285,61,M,ASSINTOMATICO,148,203,False,NORMAL,161,False,0.0,ASCENDENTE,1,DEFEITO_REVERSIVEL,2,True,UCI Heart Disease — Cleveland,REAL_PUBLIC_ANONYMIZED,True
UCI-CLE-0286,58,M,ASSINTOMATICO,114,318,False,ANORMALIDADE_ST_T,140,False,4.4,DESCENDENTE,3,DEFEITO_FIXO,4,True,UCI Heart Disease — Cleveland,REAL_PUBLIC_ANONYMIZED,True
UCI-CLE-0287,58,F,ASSINTOMATICO,170,225,True,HIPERTROFIA_VE,146,True,2.8,PLANA,2,DEFEITO_FIXO,2,True,UCI Heart Disease — Cleveland,REAL_PUBLIC_ANONYMIZED,True
UCI-CLE-0288,58,M,ANGINA_ATIPICA,125,220,False,NORMAL,144,False,0.4,PLANA,,DEFEITO_REVERSIVEL,0,False,UCI Heart Disease — Cleveland,REAL_PUBLIC_ANONYMIZED,True
UCI-CLE-0289,56,M,ANGINA_ATIPICA,130,221,False,HIPERTROFIA_VE,163,False,0.0,ASCENDENTE,0,DEFEITO_REVERSIVEL,0,False,UCI Heart Disease — Cleveland,REAL_PUBLIC_ANONYMIZED,True
UCI-CLE-0290,56,M,ANGINA_ATIPICA,120,240,False,NORMAL,169,False,0.0,DESCENDENTE,0,NORMAL,0,False,UCI Heart Disease — Cleveland,REAL_PUBLIC_ANONYMIZED,True
UCI-CLE-0291,67,M,DOR_NAO_ANGINOSA,152,212,False,HIPERTROFIA_VE,150,False,0.8,PLANA,0,DEFEITO_REVERSIVEL,1,True,UCI Heart Disease — Cleveland,REAL_PUBLIC_ANONYMIZED,True
UCI-CLE-0292,55,F,ANGINA_ATIPICA,132,342,False,NORMAL,166,False,1.2,ASCENDENTE,0,NORMAL,0,False,UCI Heart Disease — Cleveland,REAL_PUBLIC_ANONYMIZED,True
UCI-CLE-0293,44,M,ASSINTOMATICO,120,169,False,NORMAL,144,True,2.8,DESCENDENTE,0,DEFEITO_FIXO,2,True,UCI Heart Disease — Cleveland,REAL_PUBLIC_ANONYMIZED,True
UCI-CLE-0294,63,M,ASSINTOMATICO,140,187,False,HIPERTROFIA_VE,144,True,4.0,ASCENDENTE,2,DEFEITO_REVERSIVEL,2,True,UCI Heart Disease — Cleveland,REAL_PUBLIC_ANONYMIZED,True
UCI-CLE-0295,63,F,ASSINTOMATICO,124,197,False,NORMAL,136,True,0.0,PLANA,0,NORMAL,1,True,UCI Heart Disease — Cleveland,REAL_PUBLIC_ANONYMIZED,True
UCI-CLE-0296,41,M,ANGINA_ATIPICA,120,157,False,NORMAL,182,False,0.0,ASCENDENTE,0,NORMAL,0,False,UCI Heart Disease — Cleveland,REAL_PUBLIC_ANONYMIZED,True
UCI-CLE-0297,59,M,ASSINTOMATICO,164,176,True,HIPERTROFIA_VE,90,False,1.0,PLANA,2,DEFEITO_FIXO,3,True,UCI Heart Disease — Cleveland,REAL_PUBLIC_ANONYMIZED,True
UCI-CLE-0298,57,F,ASSINTOMATICO,140,241,False,NORMAL,123,True,0.2,PLANA,0,DEFEITO_REVERSIVEL,1,True,UCI Heart Disease — Cleveland,REAL_PUBLIC_ANONYMIZED,True
UCI-CLE-0299,45,M,ANGINA_TIPICA,110,264,False,NORMAL,132,False,1.2,PLANA,0,DEFEITO_REVERSIVEL,1,True,UCI Heart Disease — Cleveland,REAL_PUBLIC_ANONYMIZED,True
UCI-CLE-0300,68,M,ASSINTOMATICO,144,193,True,NORMAL,141,False,3.4,PLANA,2,DEFEITO_REVERSIVEL,2,True,UCI Heart Disease — Cleveland,REAL_PUBLIC_ANONYMIZED,True
UCI-CLE-0301,57,M,ASSINTOMATICO,130,131,False,NORMAL,115,True,1.2,PLANA,1,DEFEITO_REVERSIVEL,3,True,UCI Heart Disease — Cleveland,REAL_PUBLIC_ANONYMIZED,True
UCI-CLE-0302,57,F,ANGINA_ATIPICA,130,236,False,HIPERTROFIA_VE,174,False,0.0,PLANA,1,NORMAL,1,True,UCI Heart Disease — Cleveland,REAL_PUBLIC_ANONYMIZED,True
UCI-CLE-0303,38,M,DOR_NAO_ANGINOSA,138,175,False,NORMAL,173,False,0.0,ASCENDENTE,,NORMAL,0,False,UCI Heart Disease — Cleveland,REAL_PUBLIC_ANONYMIZED,True
